{"last_download_success": 1614224277.4432075, "last_download_failure": 1614224278.8053644}