{"last_download_success": 1616766855.0206304, "last_download_failure": 1616767400.2467933}